Title,Psychological Insights,Social Support,Nutrition for Recovery,Becoming Eating Disorder Informed
"How Do I Start Recovery?",2,1,1,4
"Defining Recovery",5,1,1,3
"Recognizing the Eating Disorder Voice",5,1,1,4
"Am I Sick Enough?",3,2,1,5
"How To Tell Someone You Have an Eating Disorder",3,5,1,2
"The Long and Winding Road of Recovery",5,1,1,3
"Self Compassion & Recovery",5,1,1,2
"Every Bodyâ€™s Journey: Inclusive Recovery for Transgender and Gender Diverse People",3,2,1,5
"Family-Based Therapy & Eating Disorders",2,5,1,4
"Neuroscience of Eating Disorders",2,1,1,5
"The Biological Basis of Eating Disorders",2,1,2,5
"Exploring Eating Disorder Treatment Options",1,2,1,5
"Who Is on My Support Team?",2,5,1,2
"Talking with Friends and Family",3,5,1,2
"Goal Setting For Realistic Recovery",3,1,1,3
"DBT Part 1 and 2",5,2,1,2
"Nourish Your Recovery",2,1,5,3
"Exploring Emotional Eating with Cognitive Behavioural Therapy (CBT)",4,1,3,3
"Starting with Meal Planning",2,1,5,2
"Navigating Grocery Shopping",2,1,5,2
"Self-Advocacy in Medical Settings",3,2,1,4
"Setting Boundaries",3,4,1,2
"Barriers to Recovery",3,2,2,4
"Self-Sabotaging",5,2,1,3
"Part 1: Challenges of Recovery - Physical",2,1,3,4
"Part 2: Challenges of Recovery Mental/Emotion",5,2,1,3
"Dealing with Diet Culture",3,1,4,3
"Reclaiming Challenging Foods",3,1,5,3
"Coping with Bad Body Image Days",5,1,2,3
"I Can't Keep Calm, I Have Anxiety",5,1,1,3
"Social Recovery",3,4,3,2
"Body Checking",5,1,2,3
"Decolonizing Eating Disorders",3,2,2,5
"Non-Diet Approach to Managing Diabetes & Heart Health",2,1,5,3
"Food & Trauma from Sexual Violence",4,1,2,5
"Navigating the Holidays in Recovery",3,2,3,2
"Thriving Through the Holidays",3,3,3,2
"Neurodivergence and Eating Disorders",3,1,2,5
"Type 1 Diabetes & Eating Disorders",2,1,3,5
"Athletes and Eating Disorders",3,1,2,5
"What is Flexible Eating?",2,1,5,3
"Intuitive Eating Part 1 and 2",3,1,5,3
